BEGIN TRANSACTION;
CREATE TABLE "webapp_voortgang" ("id" integer NOT NULL PRIMARY KEY AUTOINCREMENT, "status" varchar(128) NOT NULL);
INSERT INTO `webapp_voortgang` (id,status) VALUES (1,'Notaris');
INSERT INTO `webapp_voortgang` (id,status) VALUES (2,'Verkocht');
CREATE TABLE "webapp_user_user_permissions" ("id" integer NOT NULL PRIMARY KEY AUTOINCREMENT, "user_id" integer NOT NULL REFERENCES "webapp_user" ("id"), "permission_id" integer NOT NULL REFERENCES "auth_permission" ("id"));
CREATE TABLE "webapp_user_groups" ("id" integer NOT NULL PRIMARY KEY AUTOINCREMENT, "user_id" integer NOT NULL REFERENCES "webapp_user" ("id"), "group_id" integer NOT NULL REFERENCES "auth_group" ("id"));
INSERT INTO `webapp_user_groups` (id,user_id,group_id) VALUES (1,2,1);
INSERT INTO `webapp_user_groups` (id,user_id,group_id) VALUES (2,5,2);
INSERT INTO `webapp_user_groups` (id,user_id,group_id) VALUES (3,1,2);
CREATE TABLE "webapp_user" ("id" integer NOT NULL PRIMARY KEY AUTOINCREMENT, "password" varchar(128) NOT NULL, "last_login" datetime NULL, "is_superuser" bool NOT NULL, "voornaam" varchar(128) NOT NULL, "naam" varchar(128) NOT NULL, "email" varchar(128) NOT NULL UNIQUE, "is_active" bool NOT NULL, "is_admin" bool NOT NULL, "straatnaam" varchar(128) NOT NULL, "huisnr" integer NOT NULL, "busnr" varchar(10) NULL, "telefoonnr" integer NOT NULL, "postcode_id" integer NOT NULL REFERENCES "webapp_stad" ("id"), "activation_key" varchar(40) NOT NULL, "key_expires" datetime NOT NULL);
INSERT INTO `webapp_user` (id,password,last_login,is_superuser,voornaam,naam,email,is_active,is_admin,straatnaam,huisnr,busnr,telefoonnr,postcode_id,activation_key,key_expires) VALUES (1,'pbkdf2_sha256$24000$PtX4X8RIR1ja$8tUaqPdEOH77/0lOPmIvEgSTp4/yDSo9TTatrqtaohM=','2016-06-03 12:47:27.949333',1,'Admin','Example','admin@example.com',1,1,'Nieuwpoortstraat',18,'',494381380,1,'2016-05-13 11:37:24.576000+00:00','2016-05-13 11:37:34');
CREATE TABLE "webapp_tagpand" ("id" integer NOT NULL PRIMARY KEY AUTOINCREMENT, "value" varchar(255) NOT NULL, "pand_id" integer NOT NULL REFERENCES "webapp_pand" ("id"), "tag_id" integer NOT NULL REFERENCES "webapp_tag" ("id"));
INSERT INTO `webapp_tagpand` (id,value,pand_id,tag_id) VALUES (1,'',1,1);
INSERT INTO `webapp_tagpand` (id,value,pand_id,tag_id) VALUES (2,'',2,2);
INSERT INTO `webapp_tagpand` (id,value,pand_id,tag_id) VALUES (3,'3',1,6);
INSERT INTO `webapp_tagpand` (id,value,pand_id,tag_id) VALUES (4,'25',1,7);
INSERT INTO `webapp_tagpand` (id,value,pand_id,tag_id) VALUES (5,'50',1,8);
INSERT INTO `webapp_tagpand` (id,value,pand_id,tag_id) VALUES (6,'2',2,10);
INSERT INTO `webapp_tagpand` (id,value,pand_id,tag_id) VALUES (7,'5',2,6);
INSERT INTO `webapp_tagpand` (id,value,pand_id,tag_id) VALUES (8,'10',2,7);
INSERT INTO `webapp_tagpand` (id,value,pand_id,tag_id) VALUES (9,'3',2,8);
CREATE TABLE "webapp_tag" ("id" integer NOT NULL PRIMARY KEY AUTOINCREMENT, "tagnaam" varchar(128) NOT NULL);
INSERT INTO `webapp_tag` (id,tagnaam) VALUES (1,'Huis');
INSERT INTO `webapp_tag` (id,tagnaam) VALUES (2,'Appartement');
INSERT INTO `webapp_tag` (id,tagnaam) VALUES (3,'Garage');
INSERT INTO `webapp_tag` (id,tagnaam) VALUES (4,'Kantoor');
INSERT INTO `webapp_tag` (id,tagnaam) VALUES (5,'Studio');
INSERT INTO `webapp_tag` (id,tagnaam) VALUES (6,'Badkamers');
INSERT INTO `webapp_tag` (id,tagnaam) VALUES (7,'Slaapkamers');
INSERT INTO `webapp_tag` (id,tagnaam) VALUES (8,'Verdiepen');
INSERT INTO `webapp_tag` (id,tagnaam) VALUES (9,'Villa');
INSERT INTO `webapp_tag` (id,tagnaam) VALUES (10,'Zwembad');
CREATE TABLE "webapp_stad" ("id" integer NOT NULL PRIMARY KEY AUTOINCREMENT, "stadsnaam" varchar(128) NOT NULL, "postcode" varchar(12) NOT NULL);
INSERT INTO `webapp_stad` (id,stadsnaam,postcode) VALUES (1,'Lier','2500');
INSERT INTO `webapp_stad` (id,stadsnaam,postcode) VALUES (2,'Mortsel','2640');
INSERT INTO `webapp_stad` (id,stadsnaam,postcode) VALUES (3,'Antwerpen','2000');
INSERT INTO `webapp_stad` (id,stadsnaam,postcode) VALUES (4,'Nijlen','2540');
INSERT INTO `webapp_stad` (id,stadsnaam,postcode) VALUES (5,'Brussel','1000');
INSERT INTO `webapp_stad` (id,stadsnaam,postcode) VALUES (6,'Evere','1140');
INSERT INTO `webapp_stad` (id,stadsnaam,postcode) VALUES (7,'Waterloo','1410');
INSERT INTO `webapp_stad` (id,stadsnaam,postcode) VALUES (8,'Beersel','1650');
INSERT INTO `webapp_stad` (id,stadsnaam,postcode) VALUES (9,'Deurne','2100');
INSERT INTO `webapp_stad` (id,stadsnaam,postcode) VALUES (10,'Boechout','2530');
INSERT INTO `webapp_stad` (id,stadsnaam,postcode) VALUES (11,'Boom','2850');
INSERT INTO `webapp_stad` (id,stadsnaam,postcode) VALUES (12,'Oud-Turnhout','2360');
INSERT INTO `webapp_stad` (id,stadsnaam,postcode) VALUES (13,'Oostmalle','2390');
INSERT INTO `webapp_stad` (id,stadsnaam,postcode) VALUES (14,'Turnhout','2300');
INSERT INTO `webapp_stad` (id,stadsnaam,postcode) VALUES (15,'Borgerhout','2140');
INSERT INTO `webapp_stad` (id,stadsnaam,postcode) VALUES (16,'Brecht','2960');
INSERT INTO `webapp_stad` (id,stadsnaam,postcode) VALUES (17,'Hoeilaart','1560');
CREATE TABLE "webapp_partner" ("id" integer NOT NULL PRIMARY KEY AUTOINCREMENT, "naam" varchar(128) NOT NULL, "onderschrift" varchar(255) NOT NULL, "foto_url" varchar(255) NOT NULL, "link" varchar(255) NOT NULL);
INSERT INTO `webapp_partner` (id,naam,onderschrift,foto_url,link) VALUES (1,'Immoscoop','Eventuele kleine uitleg','/static/webapp/images/partners/immoscoop.jpg','a');
INSERT INTO `webapp_partner` (id,naam,onderschrift,foto_url,link) VALUES (2,'sTelenet','Eventuele kleine uitleg','/static/webapp/images/partners/telenet.jpg','a');
INSERT INTO `webapp_partner` (id,naam,onderschrift,foto_url,link) VALUES (3,'Google','Eventuele kleine uitleg','/static/webapp/images/partners/google.jpg','a');
INSERT INTO `webapp_partner` (id,naam,onderschrift,foto_url,link) VALUES (4,'Immoscoop','Eventuele kleine uitleg','/static/webapp/images/partners/immoscoop.jpg','a');
INSERT INTO `webapp_partner` (id,naam,onderschrift,foto_url,link) VALUES (5,'Telenet','Eventuele kleine uitleg','/static/webapp/images/partners/telenet.jpg','a');
INSERT INTO `webapp_partner` (id,naam,onderschrift,foto_url,link) VALUES (6,'Google','Eventuele kleine uitleg','/static/webapp/images/partners/google.jpg','a');
INSERT INTO `webapp_partner` (id,naam,onderschrift,foto_url,link) VALUES (7,'Immoscoop','Eventuele kleine uitleg','/static/webapp/images/partners/immoscoop.jpg','a');
INSERT INTO `webapp_partner` (id,naam,onderschrift,foto_url,link) VALUES (8,'Telenet','Eventuele kleine uitleg','/static/webapp/images/partners/telenet.jpg','a');
INSERT INTO `webapp_partner` (id,naam,onderschrift,foto_url,link) VALUES (9,'test','testen','/static/webapp/images/partners/telenet.jpg','a');
INSERT INTO `webapp_partner` (id,naam,onderschrift,foto_url,link) VALUES (10,'sf','efr','sf','a');
CREATE TABLE "webapp_pandreview" ("id" integer NOT NULL PRIMARY KEY AUTOINCREMENT, "titel" varchar(128) NOT NULL, "auteur" varchar(128) NOT NULL, "text" varchar(500) NOT NULL, "rating" varchar(2) NOT NULL, "created" datetime NOT NULL, "modified" datetime NOT NULL);
CREATE TABLE "webapp_pand" ("id" integer NOT NULL PRIMARY KEY AUTOINCREMENT, "straatnaam" varchar(128) NOT NULL, "huisnr" smallint NOT NULL, "handelstatus_id" integer NOT NULL REFERENCES "webapp_handelstatus" ("id"), "postcodeID_id" integer NOT NULL REFERENCES "webapp_stad" ("id"), "user_id" integer NOT NULL REFERENCES "webapp_user" ("id"), "voortgang_id" integer NOT NULL REFERENCES "webapp_voortgang" ("id"), "busnr" varchar(10) NULL, "beschrijving" varchar(1000) NULL, "referentienummer" char(32) NOT NULL UNIQUE, "prijs" decimal NOT NULL, "uitgelicht" bool NOT NULL, "thumbnail_url" varchar(256) NULL);
INSERT INTO `webapp_pand` (id,straatnaam,huisnr,handelstatus_id,postcodeID_id,user_id,voortgang_id,busnr,beschrijving,referentienummer,prijs,uitgelicht,thumbnail_url) VALUES (1,'Nieuwpoortstraat',18,1,1,1,1,'','Eengezinswoning- KLEIN BESCHRIJF MOGELIJK: Ruim en rustig gelegen woning met 3 slaapkamers en een ruime stadstuin De woning is gelegen nabij winkels, scholen en openbaar vervoer in een rustige omgeving bij het centrum van Antwerpen. De woning bevindt zich nabij de hippe wijk Zurenborg, Zwembad/sporthal Borgerhout en op 15 min wandelen van het centraal station van Antwerpen en Berchem Station. Grootste troeven ·De ligging ·Overal dubbele beglazing ·Ruime kamers ·Stadstuin ·Afgelopen 8 jaar werd de woning grondig gerenoveerd. ·Het beschikt over een volledig vernieuwde CV installatie op aardgas.','ce5cebc3bd6b4fa7841258d36afdd805',250000,1,'https://media.giphy.com/media/oIR6xeOffCEBa/giphy.gif');
INSERT INTO `webapp_pand` (id,straatnaam,huisnr,handelstatus_id,postcodeID_id,user_id,voortgang_id,busnr,beschrijving,referentienummer,prijs,uitgelicht,thumbnail_url) VALUES (2,'Zwaluwlaan',21,1,16,1,1,'','GELIJKVLOERS Inkomhal 16m² op keramische Bourgondische tegels met vestiarekast, gastentoilet met handenwasser. Living 75m² op keramische Bourgondische tegels, ingebouwde gashaard met afstandsbediening, plafond met ingebouwde spots en boxen, grote ramen met automatische rolluiken. Via grote boogopening in Franse witte natuursteen naar de leef-eetkeuken 40m² op keramische Bourgondische tegels, boxen, Amerikaanse koelkast Amana, wijnkast, vaatwasser, oven, stoomoven, koffiezetmachine, ingebouwde keramische kookplaat, ingebouwde friteuse, industriële afzuigdamkap, werkbladen in graniet en granieten werkeiland. Alle toestellen type Miele, ingebouwde dubbele spoelbak met Grohne kraan, aparte eethoek.','d85eb1eb9faf42f8be7015cbfa7e8561',375000,1,'http://pictures.immoweb.be/photos/0/6/2/7/7/9/6/4/6277964_1.jpg?cache=20160310191328');
CREATE TABLE "webapp_log" ("id" integer NOT NULL PRIMARY KEY AUTOINCREMENT, "created" datetime NOT NULL, "logText" varchar(255) NOT NULL, "user_id" integer NOT NULL REFERENCES "webapp_user" ("id"));
CREATE TABLE "webapp_handelstatus" ("id" integer NOT NULL PRIMARY KEY AUTOINCREMENT, "status" varchar(128) NOT NULL);
INSERT INTO `webapp_handelstatus` (id,status) VALUES (1,'Kopen');
INSERT INTO `webapp_handelstatus` (id,status) VALUES (2,'Huren');
CREATE TABLE "webapp_goeddoel" ("id" integer NOT NULL PRIMARY KEY AUTOINCREMENT, "naam" varchar(128) NOT NULL, "link" varchar(255) NOT NULL, "foto_url" varchar(255) NOT NULL, "bijschrift" varchar(500) NOT NULL);
INSERT INTO `webapp_goeddoel` (id,naam,link,foto_url,bijschrift) VALUES (1,'Moders voor Moeders','http://www.moedersvoormoeders.be/','http://www.moedersvoormoeders.be/templates/moeders-voor-moeders/images/logo.jpg','Moeders voor Moeders zet zich in voor de armsten in Vlaanderen.');
INSERT INTO `webapp_goeddoel` (id,naam,link,foto_url,bijschrift) VALUES (2,'Ondernemers Zonder Grenzen','http://www.ozg.be/','https://static.wixstatic.com/media/e4be5c_611c9b8e00884e8aa5c44414ea480452.jpg/v1/fill/w_125,h_120,al_c,q_80,usm_0.66_1.00_0.01/e4be5c_611c9b8e00884e8aa5c44414ea480452.jpg','Ondernemers Zonder Grenzen is een organisatie die zich, met een uniek herbebossingsproject, inzet voor het welzijn van mens én planeet.');
INSERT INTO `webapp_goeddoel` (id,naam,link,foto_url,bijschrift) VALUES (3,'Tinne Jacobs Fotografie','http://tinnejacobsfotografie.be/','http://tinnejacobsfotografie.be/images/TinneLogoZwart.png','De beste fotografe van de provincie Antwerpen en omstreken!');
CREATE TABLE "webapp_foto" ("id" integer NOT NULL PRIMARY KEY AUTOINCREMENT, "url" varchar(255) NOT NULL, "docfile" varchar(100) NOT NULL, "pand_id" integer NOT NULL REFERENCES "webapp_pand" ("id"), "thumbnail" bool NOT NULL);
INSERT INTO `webapp_foto` (id,url,docfile,pand_id,thumbnail) VALUES (1,'https://media.giphy.com/media/oIR6xeOffCEBa/giphy.gif','',1,0);
INSERT INTO `webapp_foto` (id,url,docfile,pand_id,thumbnail) VALUES (2,'http://pictures.immoweb.be/photos/0/6/2/7/7/9/6/4/6277964_1.jpg?cache=20160310191328','',2,0);
INSERT INTO `webapp_foto` (id,url,docfile,pand_id,thumbnail) VALUES (3,'http://pictures.immoweb.be/photos/0/6/2/7/7/9/6/4/6277964_2.jpg?cache=20160310191328','',2,0);
INSERT INTO `webapp_foto` (id,url,docfile,pand_id,thumbnail) VALUES (4,'http://pictures.immoweb.be/photos/0/6/2/7/7/9/6/4/6277964_4.jpg?cache=20160310191328','',2,0);
INSERT INTO `webapp_foto` (id,url,docfile,pand_id,thumbnail) VALUES (5,'http://pictures.immoweb.be/photos/0/6/2/7/7/9/6/4/6277964_5.jpg?cache=20160310191328','',2,0);
INSERT INTO `webapp_foto` (id,url,docfile,pand_id,thumbnail) VALUES (6,'http://pictures.immoweb.be/photos/0/6/2/7/7/9/6/4/6277964_7.jpg?cache=20160310191328','',2,0);
INSERT INTO `webapp_foto` (id,url,docfile,pand_id,thumbnail) VALUES (7,'http://pictures.immoweb.be/photos/0/6/2/7/7/9/6/4/6277964_8.jpg?cache=20160310191328','',2,0);
INSERT INTO `webapp_foto` (id,url,docfile,pand_id,thumbnail) VALUES (8,'http://pictures.immoweb.be/photos/0/6/2/7/7/9/6/4/6277964_9.jpg?cache=20160310191328','',2,0);
INSERT INTO `webapp_foto` (id,url,docfile,pand_id,thumbnail) VALUES (9,'http://pictures.immoweb.be/photos/0/6/2/7/7/9/6/4/6277964_10.jpg?cache=20160310191328','',2,0);
INSERT INTO `webapp_foto` (id,url,docfile,pand_id,thumbnail) VALUES (10,'http://pictures.immoweb.be/photos/0/6/2/7/7/9/6/4/6277964_11.jpg?cache=20160310191328','',2,0);
INSERT INTO `webapp_foto` (id,url,docfile,pand_id,thumbnail) VALUES (11,'http://pictures.immoweb.be/photos/0/6/2/7/7/9/6/4/6277964_12.jpg?cache=20160310191328','',2,0);
INSERT INTO `webapp_foto` (id,url,docfile,pand_id,thumbnail) VALUES (12,'http://pictures.immoweb.be/photos/0/6/2/7/7/9/6/4/6277964_13.jpg?cache=20160310191328','',2,0);
INSERT INTO `webapp_foto` (id,url,docfile,pand_id,thumbnail) VALUES (13,'http://pictures.immoweb.be/photos/0/6/2/7/7/9/6/4/6277964_14.jpg?cache=20160310191328','',2,0);
CREATE TABLE "webapp_faq" ("id" integer NOT NULL PRIMARY KEY AUTOINCREMENT, "titel" varchar(128) NOT NULL, "content" text NOT NULL);
INSERT INTO `webapp_faq` (id,titel,content) VALUES (1,'Wat is een compromis?','De compromis of de onderhandse overeenkomst is in principe vormvrij. De compromis is een koop-verkoopovereenkomst waarbij koper en verkoper overeenkomen dat de verkoper er zich toe verbindt om de eigendom van een zaak over te dragen aan de koper. De koper van zijn kant verbindt zich ertoe om een geldprijs te betalen. In tegenstelling tot wat sommigen denken is de koop definitief vanaf de compromis. Omdat het belangrijk is dat de compromis alle essentiële elementen bevat, is het aan te raden samen te werken met een erkend makelaar die u kan begeleiden bij de opmaak van dit document.');
INSERT INTO `webapp_faq` (id,titel,content) VALUES (2,'Waarom moet er nog een authentieke akte worden opgesteld nà de ondertekening van de compromis?','Na de compromis zal de notaris een authentieke akte opstellen. Het is enkel de notaris die daartoe gemachtigd is. Hij zal de authentieke akte laten overschrijven in de registers van het hypotheekkantoor. Vanaf dat ogenblik is de verkoop ‘tegenstelbaar aan derden’. Dit wil zeggen dat vanaf de overschrijving op het hypotheekkantoor, iedereen, ook diegenen die geen partij zijn bij de verkoopovereenkomst rekening zullen moeten houden met de rechten van de nieuwe eigenaar van het onroerend goed.');
INSERT INTO `webapp_faq` (id,titel,content) VALUES (4,'Wat indien ik mijn woning verkoop en ik een negatief keuringsverslag heb?','<p><strong>Algemeen</strong></p>                             Het keuringsverslag , afgeleverd na de keuring van de elektrische installatie, geeft informatie over de staat van de elektrische installatie, zodat de nieuwe eigenaar indien nodig de installatie kan aanpassen om zijn veiligheid te garanderen. Een keuringsverslag is in principe 25 jaar geldig op voorwaarde dat er geen wijziging of uitbreiding werd aangebracht aan de elektrische installatie. Dit document moet bij het verkoopdossier worden gevoegd. Enkel een erkend keuringsorganisme mag de keuring uitvoeren.<hr>                              <p><strong>Verhindert een negatief keuringsverslag de verkoop?</strong></p>                             Neen, een negatief keuringsverslag verhindert de verkoop niet. 							De notaris zal echter wel verplicht zijn om dit te melden aan een erkend keuringsorganisme. De nieuwe eigenaar zal in principe het nodige moeten doen om de elektrische installatie conform de opgelegde voorschriften in orde te maken. Het keuringsverslag vermeldt normaalgezien de datum waartegen de nieuwe keuring moet worden uitgevoerd.');
INSERT INTO `webapp_faq` (id,titel,content) VALUES (5,'Hoe lang blijft een energieprestatiecertificaat geldig?','Het EPC-attest is een document dat aangeeft hoe energiezuinig een gebouw of woning precies is. Hoe lager de score hoe energiezuiniger de woning. Het EPC-attest wordt opgesteld door een energiedeskundige en is in principe 10 jaar geldig. Het EPC –attest dient aanwezig te zijn vanaf het ogenblik dat een woning te koop of te huur wordt aangeboden.');
INSERT INTO `webapp_faq` (id,titel,content) VALUES (6,'Wat geeft het kadastraal inkomen weer?','Het kadastraal inkomen van een onroerend goed is het gemiddeld normaal netto-inkomen van één jaar van een onroerend goed, na aftrek van alle kosten, zoals geschat door de administratie van het kadaster en voor meerdere jaren vastgelegd. Het is aldus de administratie van het kadaster die op basis van de netto-huurwaarde op een bepaald referentietijdstip, door vergelijking met een aantal referentiepercelen met overeenstemmende omvang, ligging, aard, afwerking, enzovoort, het kadastraal inkomen van een bepaald perceel vastlegt. Tot op heden wordt als referentietijdstip het jaar 1975 genomen.');
INSERT INTO `webapp_faq` (id,titel,content) VALUES (7,'Welke notaris mag de verkoopakte verlijden?','Bij een verkoop uit de hand hebben zowel de eigenaar als de kandidaat-koper elk het recht om een notaris aan te duiden. Het compromis vermeld voor welke notaris de koper en de verkoper kiezen. Het is dus mogelijk om meerdere notarissen de koopakte te laten verlijden.');
INSERT INTO `webapp_faq` (id,titel,content) VALUES (8,'U wilt een huis aankopen, hoe brengt u het best een bod uit?','Indien u een woning wenst aan te kopen kan u best op een aantal zaken letten: <ul><li>Een bod kan je het beste schriftelijk uitbrengen, dit om eventuele discussies te vermijden.</li><li>Vermeld duidelijk welke opschortende voorwaarden moeten vervuld zijn alvorens het bod geldt. Zo kan de o.m. bepaald worden dat  aan de koper eerst een lening moet worden toegestaan door de bank.</li><li>Zeer belangrijk: vermeld steeds tot welke datum je bod geldt!</li><li>Ga alvorens je een bod uitbrengt al eens informeren bij je bank welk bedrag je kan lenen.</li></ul>');
INSERT INTO `webapp_faq` (id,titel,content) VALUES (9,'Met welke notariskosten moet u rekening houden bij de aankoop van een woning?','Koopt u een woning dan betaalt u niet enkel de aankoopprijs van de woning, maar moet u ook rekening houden met de kosten die u aan de notaris moet betalen, hieonder moet begrepen worden: <ul><li>De registratierechten of BTW</li><li>Het ereloon van de notaris, het ereloon is bij wet bepaald</li><li>De algemene kosten van de akte (dit zijn kosten die de notaris moet maken in het kader van kadastrale, hypothecaire, stedenbouwkundige en fiscale opzoekingen, enzovoort).</li></ul><p>Meer info kan u terugvinden op: <a href="http://www.notaris.be">www.notaris.be</a>.</p><p>Kijk ook op: <a href="https://www.notaris.be/rekenmodules/aankoop">www.notaris.be/rekenmodules/aankoop</a>, deze rekenmodule geeft een indicatie van de te verwachte aktekosten.</p>');
INSERT INTO `webapp_faq` (id,titel,content) VALUES (10,'Wie betaalt de kosten van de verkoop?','De kosten van de koopovereenkomst en andere bijkomende kosten zijn in principe voor de koper (artikel 1593 van het burgerlijk wetboek). Het is echter aan de partijen toegestaan om dit anders te regelen. In het laatste geval is het aan te raden om dit op te nemen in de compromis.');
CREATE TABLE "webapp_ebook" ("id" integer NOT NULL PRIMARY KEY AUTOINCREMENT, "naam" varchar(255) NOT NULL, "voornaam" varchar(255) NOT NULL, "email" varchar(255) NOT NULL);
INSERT INTO `webapp_ebook` (id,naam,voornaam,email) VALUES (1,'defzezfe','Sacha','WyngaertSacha@gmail.com');
CREATE TABLE "webapp_data" ("id" integer NOT NULL PRIMARY KEY AUTOINCREMENT, "titel" varchar(255) NOT NULL, "data" text NOT NULL);
INSERT INTO `webapp_data` (id,titel,data) VALUES (1,'Disclaimer','<p>Via Sofie besteedt veel aandacht en zorg aan haar website en streeft ernaar dat alle informatie zo volledig, juist, begrijpelijk, nauwkeurig en actueel mogelijk is. Ondanks alle inspanningen is het niet uitgesloten dat de ter beschikking gestelde informatie steeds volledig, juist, nauwkeurig of bijgewerkt is. In het geval dat links tot stand worden gebracht met andere sites, bijvoorbeeld met behulp van zoekinstrumenten, is Via Sofie niet aansprakelijk voor de inhoud en het bestaan van deze andere sites.</p>
<p>Als de informatie op de website van Via Sofie tekortkomingen vertoont, zal er naar worden gestreefd om al het mogelijke doen om deze zo snel mogelijk weg te werken. Als je onjuistheden vaststelt, kan je contact opnemen met de beheerder van de website: info@viasofie.be.</p>
<p>Via Sofie kan niet aansprakelijk worden gesteld voor rechtstreekse of onrechtstreekse schade die ontstaat door het gebruik van de website of van de op of via de website ter beschikking gestelde informatie. Ongeautoriseerd of oneigenlijk gebruik van de content of delen daarvan maken inbreuk op intellectuele rechten. </p>');
INSERT INTO `webapp_data` (id,titel,data) VALUES (2,'Privacybeleid','<p>Via Sofie hecht veel belang aan het beschermen van de privacy van de bezoekers van haar website. </p>
<p>Ons privacybeleid is van toepassing op de diensten geleverd door Via Sofie.We zijn echter niet verantwoordelijk voor het privacybeleid van andere sites en bronnen.<br/>
We zijn er van bewust dat u vertrouwen stelt in ons en zien het dan ook als onze verantwoordelijkheid om uw privacy te beschermen.<br/>
Door gebruik te maken van deze website geeft u aan het privacybeleid te accepteren.</br>
Wanneer u zich aanmeldt voor één van onze diensten, zoals een nieuwsbrief, e-book of klantenaccount vragen we u om persoonsgegevens te verstrekken.</p>


<p>Deze gegevens worden gebruikt om de dienst uit te kunnen voeren. Uw gegevens worden ook gebruikt om u op de hoogte te houden van onze activiteiten. De informatie wordt niet met derden gedeeld. Onze werknemers zijn verplicht om de vertrouwelijkheid van uw gegevens te respecteren.<br/>
We controleren regelmatig of we aan dit privacybeleid voldoen.</p>
<p>Als u vragen heeft over dit privacybeleid, kunt u contact met ons opnemen:<br/>
Via Sofie, Mussenhoevelaan 101, 2530 Boechout, telefoonnummer: 0483/71.37.10, e-mailadres: <a href="info@viasofie.be">info@viasofie.be</a>.<br/>
Als u uw gegevens aan wilt passen of uzelf uit onze bestanden wilt laten halen, kunt u ook contact met ons op nemen.</p>');
INSERT INTO `webapp_data` (id,titel,data) VALUES (3,'Contact','<h4>Info</h4>
<p>Lorem Ipsum is simply dummy text of the printing and typesetting industry. Lorem Ipsum has been the industry''s standard dummy text ever since the when an unknown printer took.</p>');
INSERT INTO `webapp_data` (id,titel,data) VALUES (4,'Adres','<p><b>Via Sofie</b></p>

<p>Meistraat 5</p>

<p>2000 Antwerpen</p>');
INSERT INTO `webapp_data` (id,titel,data) VALUES (5,'Telefoon','<p>Landline : 254-8974-5847</p>

<p>Mobile : +174 1478 74755</p>');
INSERT INTO `webapp_data` (id,titel,data) VALUES (6,'E-mail','<p>General : <a href="mailto:info@Lorem.com">info(at)Lorem.com</a></p>

<p>Office : <a href="mailto:info@Lorem.com">info(at)Lorem.com</a></p>');
INSERT INTO `webapp_data` (id,titel,data) VALUES (7,'FAQ','<p>Wilt u een woning kopen/huren of verkopen/verhuren dan moet u rekening houden met een hele hoop zaken. Hieronder vindt u een aantal algemene begrippen en FAQ’s van belang bij de verkoop of verhuur.</p>
<p>Hebt u vragen over onderstaande topics of staat uw vraag hier niet tussen? Aarzel niet om me te contacteren, ik help u graag verder.</p>
');
INSERT INTO `webapp_data` (id,titel,data) VALUES (8,'Advies','<h6>De inlichtingen zoals meegedeeld op deze pagina zijn louter van algemene aard en kunnen geenszins als sluitende professionele juridische adviesverlening aangepast aan specifieke of concrete persoonlijke omstandigheden worden beschouwd.</h6>
');
INSERT INTO `webapp_data` (id,titel,data) VALUES (9,'Referenties','<p>Bent u nieuwsgierig naar de huizen/appartementen die Sofie reeds verkocht heeft? Deze kan u hier vinden.</p>');
INSERT INTO `webapp_data` (id,titel,data) VALUES (10,'Over','<h6>Sofie is juriste van opleiding (Master in de Rechten).
</br>
Zij behaalde tevens  een postgraduaat Vastgoedkunde aan de KU Leuven.</h6>

<p>Zowel op juridisch als bouwtechnisch vlak loodst zij u graag doorheen het vastgoedlandschap en dit met het oog op een succesvolle verkoop of verhuur. Ook voor de opmaak van een taxatieverslag of adviesverlening kan u bij haar terecht.   Sofie neemt de zorg voor de  verkoop of verhuur van uw woning uit handen. Zij regelt bezoeken, zorgt ervoor dat een verkoop- of verhuurdossier wordt opgesteld conform de wettelijke bepalingen en helpt bij een correcte prijszetting van uw pand aan de hand van een taxatieverslag en op basis van  vergelijkingspunten van een eigen opgebouwd databestand. Hebt u vragen of wil u weten wat Sofie voor u kan betekenen, contacteer haar vrijblijvend.</p>');
INSERT INTO `webapp_data` (id,titel,data) VALUES (11,'Partners','');
INSERT INTO `webapp_data` (id,titel,data) VALUES (12,'Home','');
INSERT INTO `webapp_data` (id,titel,data) VALUES (13,'Panden','');
INSERT INTO `webapp_data` (id,titel,data) VALUES (14,'Kopen','');
INSERT INTO `webapp_data` (id,titel,data) VALUES (15,'Huren','');
CREATE TABLE "django_session" ("session_key" varchar(40) NOT NULL PRIMARY KEY, "session_data" text NOT NULL, "expire_date" datetime NOT NULL);
INSERT INTO `django_session` (session_key,session_data,expire_date) VALUES ('behukwe8zkqhtr9zyce6jgaxg2dgwnxm','ZjIwNzdmMWUyN2Q4Y2I4ODljYTJkNDk5Njk2ZTljMjJjNmY0YTk4Mzp7Il9hdXRoX3VzZXJfaGFzaCI6IjcwMTEzN2RmZWUxODA2ZTFlMDg5MzhmZjk0OTQ0MTczNDY1OGU0YWMiLCJfYXV0aF91c2VyX2JhY2tlbmQiOiJ3ZWJhcHAuYmFja2VuZHMuRW1haWxBdXRoQmFja2VuZCIsIl9hdXRoX3VzZXJfaWQiOiIxIn0=','2016-06-14 10:54:53.950865');
INSERT INTO `django_session` (session_key,session_data,expire_date) VALUES ('uamosfvjw6nfa5szqt7cjxrr9mtnygqt','ZjIwNzdmMWUyN2Q4Y2I4ODljYTJkNDk5Njk2ZTljMjJjNmY0YTk4Mzp7Il9hdXRoX3VzZXJfaGFzaCI6IjcwMTEzN2RmZWUxODA2ZTFlMDg5MzhmZjk0OTQ0MTczNDY1OGU0YWMiLCJfYXV0aF91c2VyX2JhY2tlbmQiOiJ3ZWJhcHAuYmFja2VuZHMuRW1haWxBdXRoQmFja2VuZCIsIl9hdXRoX3VzZXJfaWQiOiIxIn0=','2016-06-17 05:19:02.557851');
INSERT INTO `django_session` (session_key,session_data,expire_date) VALUES ('qpvjnd98hbznc7za07udr0d7ubvxd771','ZjIwNzdmMWUyN2Q4Y2I4ODljYTJkNDk5Njk2ZTljMjJjNmY0YTk4Mzp7Il9hdXRoX3VzZXJfaGFzaCI6IjcwMTEzN2RmZWUxODA2ZTFlMDg5MzhmZjk0OTQ0MTczNDY1OGU0YWMiLCJfYXV0aF91c2VyX2JhY2tlbmQiOiJ3ZWJhcHAuYmFja2VuZHMuRW1haWxBdXRoQmFja2VuZCIsIl9hdXRoX3VzZXJfaWQiOiIxIn0=','2016-06-17 07:35:07.400312');
INSERT INTO `django_session` (session_key,session_data,expire_date) VALUES ('91ny9sjtlyd85e9lfv39vgwehs6b4yut','ZjIwNzdmMWUyN2Q4Y2I4ODljYTJkNDk5Njk2ZTljMjJjNmY0YTk4Mzp7Il9hdXRoX3VzZXJfaGFzaCI6IjcwMTEzN2RmZWUxODA2ZTFlMDg5MzhmZjk0OTQ0MTczNDY1OGU0YWMiLCJfYXV0aF91c2VyX2JhY2tlbmQiOiJ3ZWJhcHAuYmFja2VuZHMuRW1haWxBdXRoQmFja2VuZCIsIl9hdXRoX3VzZXJfaWQiOiIxIn0=','2016-06-17 09:30:49.484000');
INSERT INTO `django_session` (session_key,session_data,expire_date) VALUES ('flrn5q14xojp8z9s4vd97uhzvkjsnnh3','ZjIwNzdmMWUyN2Q4Y2I4ODljYTJkNDk5Njk2ZTljMjJjNmY0YTk4Mzp7Il9hdXRoX3VzZXJfaGFzaCI6IjcwMTEzN2RmZWUxODA2ZTFlMDg5MzhmZjk0OTQ0MTczNDY1OGU0YWMiLCJfYXV0aF91c2VyX2JhY2tlbmQiOiJ3ZWJhcHAuYmFja2VuZHMuRW1haWxBdXRoQmFja2VuZCIsIl9hdXRoX3VzZXJfaWQiOiIxIn0=','2016-06-17 12:47:28.013655');
CREATE TABLE "django_migrations" ("id" integer NOT NULL PRIMARY KEY AUTOINCREMENT, "app" varchar(255) NOT NULL, "name" varchar(255) NOT NULL, "applied" datetime NOT NULL);
INSERT INTO `django_migrations` (id,app,name,applied) VALUES (1,'contenttypes','0001_initial','2016-05-23 09:26:02.175000');
INSERT INTO `django_migrations` (id,app,name,applied) VALUES (2,'contenttypes','0002_remove_content_type_name','2016-05-23 09:26:02.234000');
INSERT INTO `django_migrations` (id,app,name,applied) VALUES (3,'auth','0001_initial','2016-05-23 09:26:02.293000');
INSERT INTO `django_migrations` (id,app,name,applied) VALUES (4,'auth','0002_alter_permission_name_max_length','2016-05-23 09:26:02.498000');
INSERT INTO `django_migrations` (id,app,name,applied) VALUES (5,'auth','0003_alter_user_email_max_length','2016-05-23 09:26:02.525000');
INSERT INTO `django_migrations` (id,app,name,applied) VALUES (6,'auth','0004_alter_user_username_opts','2016-05-23 09:26:02.567000');
INSERT INTO `django_migrations` (id,app,name,applied) VALUES (7,'auth','0005_alter_user_last_login_null','2016-05-23 09:26:02.590000');
INSERT INTO `django_migrations` (id,app,name,applied) VALUES (8,'auth','0006_require_contenttypes_0002','2016-05-23 09:26:02.605000');
INSERT INTO `django_migrations` (id,app,name,applied) VALUES (9,'auth','0007_alter_validators_add_error_messages','2016-05-23 09:26:02.630000');
INSERT INTO `django_migrations` (id,app,name,applied) VALUES (10,'webapp','0001_initial','2016-05-23 09:26:02.850000');
INSERT INTO `django_migrations` (id,app,name,applied) VALUES (11,'admin','0001_initial','2016-05-23 09:26:02.906000');
INSERT INTO `django_migrations` (id,app,name,applied) VALUES (12,'admin','0002_logentry_remove_auto_add','2016-05-23 09:26:02.968000');
INSERT INTO `django_migrations` (id,app,name,applied) VALUES (13,'admin','0003_auto_20160428_1219','2016-05-23 09:26:03.032000');
INSERT INTO `django_migrations` (id,app,name,applied) VALUES (14,'sessions','0001_initial','2016-05-23 09:26:03.078000');
INSERT INTO `django_migrations` (id,app,name,applied) VALUES (15,'webapp','0002_auto_20160502_1258','2016-05-23 09:26:03.260000');
INSERT INTO `django_migrations` (id,app,name,applied) VALUES (16,'webapp','0003_auto_20160502_1347','2016-05-23 09:26:03.341000');
INSERT INTO `django_migrations` (id,app,name,applied) VALUES (17,'webapp','0004_pand_busnr','2016-05-23 09:26:03.429000');
INSERT INTO `django_migrations` (id,app,name,applied) VALUES (18,'webapp','0005_auto_20160513_1337','2016-05-23 09:26:03.570000');
INSERT INTO `django_migrations` (id,app,name,applied) VALUES (19,'webapp','0006_pand_beschrijving','2016-05-23 09:26:03.646000');
INSERT INTO `django_migrations` (id,app,name,applied) VALUES (20,'webapp','0007_pand_referentienummer','2016-05-23 09:26:03.737000');
INSERT INTO `django_migrations` (id,app,name,applied) VALUES (21,'webapp','0008_auto_20160520_1146','2016-05-23 09:26:03.816000');
INSERT INTO `django_migrations` (id,app,name,applied) VALUES (22,'webapp','0009_auto_20160520_1211','2016-05-23 09:26:03.895000');
INSERT INTO `django_migrations` (id,app,name,applied) VALUES (23,'webapp','0010_auto_20160523_1124','2016-05-23 09:26:04.041000');
INSERT INTO `django_migrations` (id,app,name,applied) VALUES (24,'webapp','0011_auto_20160523_1224','2016-05-23 10:25:00.920000');
INSERT INTO `django_migrations` (id,app,name,applied) VALUES (25,'webapp','0012_partner','2016-05-23 14:06:06.082000');
INSERT INTO `django_migrations` (id,app,name,applied) VALUES (26,'webapp','0013_auto_20160530_0101','2016-05-30 10:09:23.081000');
INSERT INTO `django_migrations` (id,app,name,applied) VALUES (27,'webapp','0014_foto_thumbnail','2016-05-30 10:09:23.377000');
INSERT INTO `django_migrations` (id,app,name,applied) VALUES (28,'captcha','0001_initial','2016-05-31 13:53:37.647000');
INSERT INTO `django_migrations` (id,app,name,applied) VALUES (29,'captcha','0002_delete_captchastore','2016-05-31 13:53:37.699000');
INSERT INTO `django_migrations` (id,app,name,applied) VALUES (30,'webapp','0015_pand_thumbnail_url','2016-05-31 13:53:38.149000');
INSERT INTO `django_migrations` (id,app,name,applied) VALUES (31,'webapp','0016_auto_20160531_1614','2016-05-31 14:14:57.988000');
INSERT INTO `django_migrations` (id,app,name,applied) VALUES (32,'webapp','0017_goeddoel_bijschrift','2016-05-31 14:19:48.252000');
INSERT INTO `django_migrations` (id,app,name,applied) VALUES (33,'webapp','0018_data','2016-06-02 09:48:42.170690');
INSERT INTO `django_migrations` (id,app,name,applied) VALUES (34,'webapp','0018_pandreview','2016-06-03 00:44:07.218034');
INSERT INTO `django_migrations` (id,app,name,applied) VALUES (35,'webapp','0019_merge','2016-06-03 00:44:07.236283');
INSERT INTO `django_migrations` (id,app,name,applied) VALUES (36,'webapp','0020_auto_20160603_0044','2016-06-03 00:44:07.282582');
INSERT INTO `django_migrations` (id,app,name,applied) VALUES (37,'webapp','0021_auto_20160603_0234','2016-06-03 02:34:29.207405');
INSERT INTO `django_migrations` (id,app,name,applied) VALUES (38,'webapp','0022_partner_link','2016-06-03 09:29:43.880000');
INSERT INTO `django_migrations` (id,app,name,applied) VALUES (39,'webapp','0023_document','2016-06-04 15:41:17.976000');
INSERT INTO `django_migrations` (id,app,name,applied) VALUES (40,'webapp','0024_auto_20160604_1811','2016-06-04 16:11:27.929000');
CREATE TABLE "django_content_type" ("id" integer NOT NULL PRIMARY KEY AUTOINCREMENT, "app_label" varchar(100) NOT NULL, "model" varchar(100) NOT NULL);
INSERT INTO `django_content_type` (id,app_label,model) VALUES (1,'webapp','handelstatus');
INSERT INTO `django_content_type` (id,app_label,model) VALUES (2,'webapp','voortgang');
INSERT INTO `django_content_type` (id,app_label,model) VALUES (3,'webapp','stad');
INSERT INTO `django_content_type` (id,app_label,model) VALUES (4,'webapp','user');
INSERT INTO `django_content_type` (id,app_label,model) VALUES (5,'webapp','log');
INSERT INTO `django_content_type` (id,app_label,model) VALUES (6,'webapp','pand');
INSERT INTO `django_content_type` (id,app_label,model) VALUES (7,'webapp','tag');
INSERT INTO `django_content_type` (id,app_label,model) VALUES (8,'webapp','foto');
INSERT INTO `django_content_type` (id,app_label,model) VALUES (9,'webapp','ebook');
INSERT INTO `django_content_type` (id,app_label,model) VALUES (10,'webapp','faq');
INSERT INTO `django_content_type` (id,app_label,model) VALUES (11,'admin','logentry');
INSERT INTO `django_content_type` (id,app_label,model) VALUES (12,'auth','permission');
INSERT INTO `django_content_type` (id,app_label,model) VALUES (13,'auth','group');
INSERT INTO `django_content_type` (id,app_label,model) VALUES (14,'contenttypes','contenttype');
INSERT INTO `django_content_type` (id,app_label,model) VALUES (15,'sessions','session');
INSERT INTO `django_content_type` (id,app_label,model) VALUES (16,'webapp','tagpand');
INSERT INTO `django_content_type` (id,app_label,model) VALUES (17,'webapp','partner');
INSERT INTO `django_content_type` (id,app_label,model) VALUES (18,'webapp','goeddoel');
INSERT INTO `django_content_type` (id,app_label,model) VALUES (19,'webapp','data');
INSERT INTO `django_content_type` (id,app_label,model) VALUES (20,'webapp','pandreview');
INSERT INTO `django_content_type` (id,app_label,model) VALUES (21,'webapp','document');
CREATE TABLE "django_admin_log" ("id" integer NOT NULL PRIMARY KEY AUTOINCREMENT, "action_time" datetime NOT NULL, "object_id" text NULL, "object_repr" varchar(200) NOT NULL, "action_flag" smallint unsigned NOT NULL, "change_message" text NOT NULL, "content_type_id" integer NULL REFERENCES "django_content_type" ("id"), "user_id" integer NOT NULL REFERENCES "webapp_user" ("id"));
INSERT INTO `django_admin_log` (id,action_time,object_id,object_repr,action_flag,change_message,content_type_id,user_id) VALUES (1,'2016-05-23 09:59:07.398000','1','1',1,'Toegevoegd.',10,1);
INSERT INTO `django_admin_log` (id,action_time,object_id,object_repr,action_flag,change_message,content_type_id,user_id) VALUES (2,'2016-05-23 09:59:20.491000','2','2',1,'Toegevoegd.',10,1);
INSERT INTO `django_admin_log` (id,action_time,object_id,object_repr,action_flag,change_message,content_type_id,user_id) VALUES (3,'2016-05-23 10:00:25.155000','2','2',3,'',10,1);
INSERT INTO `django_admin_log` (id,action_time,object_id,object_repr,action_flag,change_message,content_type_id,user_id) VALUES (4,'2016-05-23 10:00:25.170000','1','1',3,'',10,1);
INSERT INTO `django_admin_log` (id,action_time,object_id,object_repr,action_flag,change_message,content_type_id,user_id) VALUES (5,'2016-05-23 10:00:36.246000','3','3',1,'Toegevoegd.',10,1);
INSERT INTO `django_admin_log` (id,action_time,object_id,object_repr,action_flag,change_message,content_type_id,user_id) VALUES (6,'2016-05-23 10:01:59.630000','2','2',2,'titel en content gewijzigd.',10,1);
INSERT INTO `django_admin_log` (id,action_time,object_id,object_repr,action_flag,change_message,content_type_id,user_id) VALUES (7,'2016-05-23 10:02:12.874000','4','4',1,'Toegevoegd.',10,1);
INSERT INTO `django_admin_log` (id,action_time,object_id,object_repr,action_flag,change_message,content_type_id,user_id) VALUES (8,'2016-05-23 10:02:26.584000','5','5',1,'Toegevoegd.',10,1);
INSERT INTO `django_admin_log` (id,action_time,object_id,object_repr,action_flag,change_message,content_type_id,user_id) VALUES (9,'2016-05-23 10:05:33.273000','4','4',2,'content gewijzigd.',10,1);
INSERT INTO `django_admin_log` (id,action_time,object_id,object_repr,action_flag,change_message,content_type_id,user_id) VALUES (10,'2016-05-23 10:06:39.261000','5','5',2,'Geen velden gewijzigd.',10,1);
INSERT INTO `django_admin_log` (id,action_time,object_id,object_repr,action_flag,change_message,content_type_id,user_id) VALUES (11,'2016-05-23 10:06:48.256000','6','6',1,'Toegevoegd.',10,1);
INSERT INTO `django_admin_log` (id,action_time,object_id,object_repr,action_flag,change_message,content_type_id,user_id) VALUES (12,'2016-05-23 10:07:02.352000','7','7',1,'Toegevoegd.',10,1);
INSERT INTO `django_admin_log` (id,action_time,object_id,object_repr,action_flag,change_message,content_type_id,user_id) VALUES (13,'2016-05-23 10:08:20.235000','8','8',1,'Toegevoegd.',10,1);
INSERT INTO `django_admin_log` (id,action_time,object_id,object_repr,action_flag,change_message,content_type_id,user_id) VALUES (14,'2016-05-23 10:09:52.098000','9','9',1,'Toegevoegd.',10,1);
INSERT INTO `django_admin_log` (id,action_time,object_id,object_repr,action_flag,change_message,content_type_id,user_id) VALUES (15,'2016-05-23 10:10:07.352000','10','10',1,'Toegevoegd.',10,1);
INSERT INTO `django_admin_log` (id,action_time,object_id,object_repr,action_flag,change_message,content_type_id,user_id) VALUES (16,'2016-05-24 11:32:21.840000','1','1',1,'Toegevoegd.',6,1);
INSERT INTO `django_admin_log` (id,action_time,object_id,object_repr,action_flag,change_message,content_type_id,user_id) VALUES (17,'2016-05-25 08:14:55.649000','16','Brecht',1,'Toegevoegd.',3,1);
INSERT INTO `django_admin_log` (id,action_time,object_id,object_repr,action_flag,change_message,content_type_id,user_id) VALUES (18,'2016-05-25 08:15:47.524000','17','Hoeilaart',1,'Toegevoegd.',3,1);
INSERT INTO `django_admin_log` (id,action_time,object_id,object_repr,action_flag,change_message,content_type_id,user_id) VALUES (19,'2016-05-25 08:16:41.141000','2','2',1,'Toegevoegd.',6,1);
INSERT INTO `django_admin_log` (id,action_time,object_id,object_repr,action_flag,change_message,content_type_id,user_id) VALUES (20,'2016-05-25 08:17:12.939000','2','2',1,'Toegevoegd.',8,1);
INSERT INTO `django_admin_log` (id,action_time,object_id,object_repr,action_flag,change_message,content_type_id,user_id) VALUES (21,'2016-05-25 08:17:23.295000','3','3',1,'Toegevoegd.',8,1);
INSERT INTO `django_admin_log` (id,action_time,object_id,object_repr,action_flag,change_message,content_type_id,user_id) VALUES (22,'2016-05-25 08:17:33.631000','4','4',1,'Toegevoegd.',8,1);
INSERT INTO `django_admin_log` (id,action_time,object_id,object_repr,action_flag,change_message,content_type_id,user_id) VALUES (23,'2016-05-25 08:17:41.259000','5','5',1,'Toegevoegd.',8,1);
INSERT INTO `django_admin_log` (id,action_time,object_id,object_repr,action_flag,change_message,content_type_id,user_id) VALUES (24,'2016-05-25 08:17:49.935000','6','6',1,'Toegevoegd.',8,1);
INSERT INTO `django_admin_log` (id,action_time,object_id,object_repr,action_flag,change_message,content_type_id,user_id) VALUES (25,'2016-05-25 08:17:56.802000','7','7',1,'Toegevoegd.',8,1);
INSERT INTO `django_admin_log` (id,action_time,object_id,object_repr,action_flag,change_message,content_type_id,user_id) VALUES (26,'2016-05-25 08:18:04.289000','8','8',1,'Toegevoegd.',8,1);
INSERT INTO `django_admin_log` (id,action_time,object_id,object_repr,action_flag,change_message,content_type_id,user_id) VALUES (27,'2016-05-25 08:18:11.697000','9','9',1,'Toegevoegd.',8,1);
INSERT INTO `django_admin_log` (id,action_time,object_id,object_repr,action_flag,change_message,content_type_id,user_id) VALUES (28,'2016-05-25 08:18:18.458000','10','10',1,'Toegevoegd.',8,1);
INSERT INTO `django_admin_log` (id,action_time,object_id,object_repr,action_flag,change_message,content_type_id,user_id) VALUES (29,'2016-05-25 08:18:26.992000','11','11',1,'Toegevoegd.',8,1);
INSERT INTO `django_admin_log` (id,action_time,object_id,object_repr,action_flag,change_message,content_type_id,user_id) VALUES (30,'2016-05-25 08:18:34.878000','12','12',1,'Toegevoegd.',8,1);
INSERT INTO `django_admin_log` (id,action_time,object_id,object_repr,action_flag,change_message,content_type_id,user_id) VALUES (31,'2016-05-25 08:18:41.938000','13','13',1,'Toegevoegd.',8,1);
INSERT INTO `django_admin_log` (id,action_time,object_id,object_repr,action_flag,change_message,content_type_id,user_id) VALUES (32,'2016-05-31 10:51:33.730591','1','superusers',1,'Added.',13,1);
INSERT INTO `django_admin_log` (id,action_time,object_id,object_repr,action_flag,change_message,content_type_id,user_id) VALUES (33,'2016-05-31 10:51:42.032683','2','makelaars',1,'Added.',13,1);
INSERT INTO `django_admin_log` (id,action_time,object_id,object_repr,action_flag,change_message,content_type_id,user_id) VALUES (34,'2016-05-31 10:51:52.511487','3','gebruikers',1,'Added.',13,1);
INSERT INTO `django_admin_log` (id,action_time,object_id,object_repr,action_flag,change_message,content_type_id,user_id) VALUES (35,'2016-05-31 10:53:23.214929','1','admin@example.com',2,'Changed groups.',4,1);
INSERT INTO `django_admin_log` (id,action_time,object_id,object_repr,action_flag,change_message,content_type_id,user_id) VALUES (36,'2016-05-31 10:53:35.862503','1','admin@example.com',2,'No fields changed.',4,1);
INSERT INTO `django_admin_log` (id,action_time,object_id,object_repr,action_flag,change_message,content_type_id,user_id) VALUES (37,'2016-05-31 10:53:40.988366','1','admin@example.com',2,'No fields changed.',4,1);
CREATE TABLE "auth_permission" ("id" integer NOT NULL PRIMARY KEY AUTOINCREMENT, "content_type_id" integer NOT NULL REFERENCES "django_content_type" ("id"), "codename" varchar(100) NOT NULL, "name" varchar(255) NOT NULL);
INSERT INTO `auth_permission` (id,content_type_id,codename,name) VALUES (1,1,'add_handelstatus','Can add handelstatus');
INSERT INTO `auth_permission` (id,content_type_id,codename,name) VALUES (2,1,'change_handelstatus','Can change handelstatus');
INSERT INTO `auth_permission` (id,content_type_id,codename,name) VALUES (3,1,'delete_handelstatus','Can delete handelstatus');
INSERT INTO `auth_permission` (id,content_type_id,codename,name) VALUES (4,2,'add_voortgang','Can add voortgang');
INSERT INTO `auth_permission` (id,content_type_id,codename,name) VALUES (5,2,'change_voortgang','Can change voortgang');
INSERT INTO `auth_permission` (id,content_type_id,codename,name) VALUES (6,2,'delete_voortgang','Can delete voortgang');
INSERT INTO `auth_permission` (id,content_type_id,codename,name) VALUES (7,3,'add_stad','Can add stad');
INSERT INTO `auth_permission` (id,content_type_id,codename,name) VALUES (8,3,'change_stad','Can change stad');
INSERT INTO `auth_permission` (id,content_type_id,codename,name) VALUES (9,3,'delete_stad','Can delete stad');
INSERT INTO `auth_permission` (id,content_type_id,codename,name) VALUES (10,4,'add_user','Can add user');
INSERT INTO `auth_permission` (id,content_type_id,codename,name) VALUES (11,4,'change_user','Can change user');
INSERT INTO `auth_permission` (id,content_type_id,codename,name) VALUES (12,4,'delete_user','Can delete user');
INSERT INTO `auth_permission` (id,content_type_id,codename,name) VALUES (13,5,'add_log','Can add log');
INSERT INTO `auth_permission` (id,content_type_id,codename,name) VALUES (14,5,'change_log','Can change log');
INSERT INTO `auth_permission` (id,content_type_id,codename,name) VALUES (15,5,'delete_log','Can delete log');
INSERT INTO `auth_permission` (id,content_type_id,codename,name) VALUES (16,6,'add_pand','Can add pand');
INSERT INTO `auth_permission` (id,content_type_id,codename,name) VALUES (17,6,'change_pand','Can change pand');
INSERT INTO `auth_permission` (id,content_type_id,codename,name) VALUES (18,6,'delete_pand','Can delete pand');
INSERT INTO `auth_permission` (id,content_type_id,codename,name) VALUES (19,7,'add_tag','Can add tag');
INSERT INTO `auth_permission` (id,content_type_id,codename,name) VALUES (20,7,'change_tag','Can change tag');
INSERT INTO `auth_permission` (id,content_type_id,codename,name) VALUES (21,7,'delete_tag','Can delete tag');
INSERT INTO `auth_permission` (id,content_type_id,codename,name) VALUES (22,8,'add_foto','Can add foto');
INSERT INTO `auth_permission` (id,content_type_id,codename,name) VALUES (23,8,'change_foto','Can change foto');
INSERT INTO `auth_permission` (id,content_type_id,codename,name) VALUES (24,8,'delete_foto','Can delete foto');
INSERT INTO `auth_permission` (id,content_type_id,codename,name) VALUES (25,9,'add_ebook','Can add ebook');
INSERT INTO `auth_permission` (id,content_type_id,codename,name) VALUES (26,9,'change_ebook','Can change ebook');
INSERT INTO `auth_permission` (id,content_type_id,codename,name) VALUES (27,9,'delete_ebook','Can delete ebook');
INSERT INTO `auth_permission` (id,content_type_id,codename,name) VALUES (28,10,'add_faq','Can add faq');
INSERT INTO `auth_permission` (id,content_type_id,codename,name) VALUES (29,10,'change_faq','Can change faq');
INSERT INTO `auth_permission` (id,content_type_id,codename,name) VALUES (30,10,'delete_faq','Can delete faq');
INSERT INTO `auth_permission` (id,content_type_id,codename,name) VALUES (31,11,'add_logentry','Can add log entry');
INSERT INTO `auth_permission` (id,content_type_id,codename,name) VALUES (32,11,'change_logentry','Can change log entry');
INSERT INTO `auth_permission` (id,content_type_id,codename,name) VALUES (33,11,'delete_logentry','Can delete log entry');
INSERT INTO `auth_permission` (id,content_type_id,codename,name) VALUES (34,12,'add_permission','Can add permission');
INSERT INTO `auth_permission` (id,content_type_id,codename,name) VALUES (35,12,'change_permission','Can change permission');
INSERT INTO `auth_permission` (id,content_type_id,codename,name) VALUES (36,12,'delete_permission','Can delete permission');
INSERT INTO `auth_permission` (id,content_type_id,codename,name) VALUES (37,13,'add_group','Can add group');
INSERT INTO `auth_permission` (id,content_type_id,codename,name) VALUES (38,13,'change_group','Can change group');
INSERT INTO `auth_permission` (id,content_type_id,codename,name) VALUES (39,13,'delete_group','Can delete group');
INSERT INTO `auth_permission` (id,content_type_id,codename,name) VALUES (40,14,'add_contenttype','Can add content type');
INSERT INTO `auth_permission` (id,content_type_id,codename,name) VALUES (41,14,'change_contenttype','Can change content type');
INSERT INTO `auth_permission` (id,content_type_id,codename,name) VALUES (42,14,'delete_contenttype','Can delete content type');
INSERT INTO `auth_permission` (id,content_type_id,codename,name) VALUES (43,15,'add_session','Can add session');
INSERT INTO `auth_permission` (id,content_type_id,codename,name) VALUES (44,15,'change_session','Can change session');
INSERT INTO `auth_permission` (id,content_type_id,codename,name) VALUES (45,15,'delete_session','Can delete session');
INSERT INTO `auth_permission` (id,content_type_id,codename,name) VALUES (46,16,'add_tagpand','Can add tag pand');
INSERT INTO `auth_permission` (id,content_type_id,codename,name) VALUES (47,16,'change_tagpand','Can change tag pand');
INSERT INTO `auth_permission` (id,content_type_id,codename,name) VALUES (48,16,'delete_tagpand','Can delete tag pand');
INSERT INTO `auth_permission` (id,content_type_id,codename,name) VALUES (49,17,'add_partner','Can add partner');
INSERT INTO `auth_permission` (id,content_type_id,codename,name) VALUES (50,17,'change_partner','Can change partner');
INSERT INTO `auth_permission` (id,content_type_id,codename,name) VALUES (51,17,'delete_partner','Can delete partner');
INSERT INTO `auth_permission` (id,content_type_id,codename,name) VALUES (52,18,'add_goeddoel','Can add goed doel');
INSERT INTO `auth_permission` (id,content_type_id,codename,name) VALUES (53,18,'change_goeddoel','Can change goed doel');
INSERT INTO `auth_permission` (id,content_type_id,codename,name) VALUES (54,18,'delete_goeddoel','Can delete goed doel');
INSERT INTO `auth_permission` (id,content_type_id,codename,name) VALUES (55,19,'add_data','Can add data');
INSERT INTO `auth_permission` (id,content_type_id,codename,name) VALUES (56,19,'change_data','Can change data');
INSERT INTO `auth_permission` (id,content_type_id,codename,name) VALUES (57,19,'delete_data','Can delete data');
INSERT INTO `auth_permission` (id,content_type_id,codename,name) VALUES (58,20,'add_pandreview','Can add pand review');
INSERT INTO `auth_permission` (id,content_type_id,codename,name) VALUES (59,20,'change_pandreview','Can change pand review');
INSERT INTO `auth_permission` (id,content_type_id,codename,name) VALUES (60,20,'delete_pandreview','Can delete pand review');
INSERT INTO `auth_permission` (id,content_type_id,codename,name) VALUES (61,21,'add_document','Can add document');
INSERT INTO `auth_permission` (id,content_type_id,codename,name) VALUES (62,21,'change_document','Can change document');
INSERT INTO `auth_permission` (id,content_type_id,codename,name) VALUES (63,21,'delete_document','Can delete document');
CREATE TABLE "auth_group_permissions" ("id" integer NOT NULL PRIMARY KEY AUTOINCREMENT, "group_id" integer NOT NULL REFERENCES "auth_group" ("id"), "permission_id" integer NOT NULL REFERENCES "auth_permission" ("id"));
INSERT INTO `auth_group_permissions` (id,group_id,permission_id) VALUES (1,1,1);
INSERT INTO `auth_group_permissions` (id,group_id,permission_id) VALUES (2,1,2);
INSERT INTO `auth_group_permissions` (id,group_id,permission_id) VALUES (3,1,3);
INSERT INTO `auth_group_permissions` (id,group_id,permission_id) VALUES (4,1,4);
INSERT INTO `auth_group_permissions` (id,group_id,permission_id) VALUES (5,1,5);
INSERT INTO `auth_group_permissions` (id,group_id,permission_id) VALUES (6,1,6);
INSERT INTO `auth_group_permissions` (id,group_id,permission_id) VALUES (7,1,7);
INSERT INTO `auth_group_permissions` (id,group_id,permission_id) VALUES (8,1,8);
INSERT INTO `auth_group_permissions` (id,group_id,permission_id) VALUES (9,1,9);
INSERT INTO `auth_group_permissions` (id,group_id,permission_id) VALUES (10,1,10);
INSERT INTO `auth_group_permissions` (id,group_id,permission_id) VALUES (11,1,11);
INSERT INTO `auth_group_permissions` (id,group_id,permission_id) VALUES (12,1,12);
INSERT INTO `auth_group_permissions` (id,group_id,permission_id) VALUES (13,1,13);
INSERT INTO `auth_group_permissions` (id,group_id,permission_id) VALUES (14,1,14);
INSERT INTO `auth_group_permissions` (id,group_id,permission_id) VALUES (15,1,15);
INSERT INTO `auth_group_permissions` (id,group_id,permission_id) VALUES (16,1,16);
INSERT INTO `auth_group_permissions` (id,group_id,permission_id) VALUES (17,1,17);
INSERT INTO `auth_group_permissions` (id,group_id,permission_id) VALUES (18,1,18);
INSERT INTO `auth_group_permissions` (id,group_id,permission_id) VALUES (19,1,19);
INSERT INTO `auth_group_permissions` (id,group_id,permission_id) VALUES (20,1,20);
INSERT INTO `auth_group_permissions` (id,group_id,permission_id) VALUES (21,1,21);
INSERT INTO `auth_group_permissions` (id,group_id,permission_id) VALUES (22,1,22);
INSERT INTO `auth_group_permissions` (id,group_id,permission_id) VALUES (23,1,23);
INSERT INTO `auth_group_permissions` (id,group_id,permission_id) VALUES (24,1,24);
INSERT INTO `auth_group_permissions` (id,group_id,permission_id) VALUES (25,1,25);
INSERT INTO `auth_group_permissions` (id,group_id,permission_id) VALUES (26,1,26);
INSERT INTO `auth_group_permissions` (id,group_id,permission_id) VALUES (27,1,27);
INSERT INTO `auth_group_permissions` (id,group_id,permission_id) VALUES (28,1,28);
INSERT INTO `auth_group_permissions` (id,group_id,permission_id) VALUES (29,1,29);
INSERT INTO `auth_group_permissions` (id,group_id,permission_id) VALUES (30,1,30);
INSERT INTO `auth_group_permissions` (id,group_id,permission_id) VALUES (31,1,31);
INSERT INTO `auth_group_permissions` (id,group_id,permission_id) VALUES (32,1,32);
INSERT INTO `auth_group_permissions` (id,group_id,permission_id) VALUES (33,1,33);
INSERT INTO `auth_group_permissions` (id,group_id,permission_id) VALUES (34,1,34);
INSERT INTO `auth_group_permissions` (id,group_id,permission_id) VALUES (35,1,35);
INSERT INTO `auth_group_permissions` (id,group_id,permission_id) VALUES (36,1,36);
INSERT INTO `auth_group_permissions` (id,group_id,permission_id) VALUES (37,1,37);
INSERT INTO `auth_group_permissions` (id,group_id,permission_id) VALUES (38,1,38);
INSERT INTO `auth_group_permissions` (id,group_id,permission_id) VALUES (39,1,39);
INSERT INTO `auth_group_permissions` (id,group_id,permission_id) VALUES (40,1,40);
INSERT INTO `auth_group_permissions` (id,group_id,permission_id) VALUES (41,1,41);
INSERT INTO `auth_group_permissions` (id,group_id,permission_id) VALUES (42,1,42);
INSERT INTO `auth_group_permissions` (id,group_id,permission_id) VALUES (43,1,43);
INSERT INTO `auth_group_permissions` (id,group_id,permission_id) VALUES (44,1,44);
INSERT INTO `auth_group_permissions` (id,group_id,permission_id) VALUES (45,1,45);
INSERT INTO `auth_group_permissions` (id,group_id,permission_id) VALUES (46,1,46);
INSERT INTO `auth_group_permissions` (id,group_id,permission_id) VALUES (47,1,47);
INSERT INTO `auth_group_permissions` (id,group_id,permission_id) VALUES (48,1,48);
INSERT INTO `auth_group_permissions` (id,group_id,permission_id) VALUES (49,1,49);
INSERT INTO `auth_group_permissions` (id,group_id,permission_id) VALUES (50,1,50);
INSERT INTO `auth_group_permissions` (id,group_id,permission_id) VALUES (51,1,51);
INSERT INTO `auth_group_permissions` (id,group_id,permission_id) VALUES (52,2,1);
INSERT INTO `auth_group_permissions` (id,group_id,permission_id) VALUES (53,2,2);
INSERT INTO `auth_group_permissions` (id,group_id,permission_id) VALUES (54,2,3);
INSERT INTO `auth_group_permissions` (id,group_id,permission_id) VALUES (55,2,4);
INSERT INTO `auth_group_permissions` (id,group_id,permission_id) VALUES (56,2,5);
INSERT INTO `auth_group_permissions` (id,group_id,permission_id) VALUES (57,2,6);
INSERT INTO `auth_group_permissions` (id,group_id,permission_id) VALUES (58,2,7);
INSERT INTO `auth_group_permissions` (id,group_id,permission_id) VALUES (59,2,8);
INSERT INTO `auth_group_permissions` (id,group_id,permission_id) VALUES (60,2,9);
INSERT INTO `auth_group_permissions` (id,group_id,permission_id) VALUES (61,2,10);
INSERT INTO `auth_group_permissions` (id,group_id,permission_id) VALUES (62,2,11);
INSERT INTO `auth_group_permissions` (id,group_id,permission_id) VALUES (63,2,12);
INSERT INTO `auth_group_permissions` (id,group_id,permission_id) VALUES (64,2,13);
INSERT INTO `auth_group_permissions` (id,group_id,permission_id) VALUES (65,2,14);
INSERT INTO `auth_group_permissions` (id,group_id,permission_id) VALUES (66,2,15);
INSERT INTO `auth_group_permissions` (id,group_id,permission_id) VALUES (67,2,16);
INSERT INTO `auth_group_permissions` (id,group_id,permission_id) VALUES (68,2,17);
INSERT INTO `auth_group_permissions` (id,group_id,permission_id) VALUES (69,2,18);
INSERT INTO `auth_group_permissions` (id,group_id,permission_id) VALUES (70,2,19);
INSERT INTO `auth_group_permissions` (id,group_id,permission_id) VALUES (71,2,20);
INSERT INTO `auth_group_permissions` (id,group_id,permission_id) VALUES (72,2,21);
INSERT INTO `auth_group_permissions` (id,group_id,permission_id) VALUES (73,2,22);
INSERT INTO `auth_group_permissions` (id,group_id,permission_id) VALUES (74,2,23);
INSERT INTO `auth_group_permissions` (id,group_id,permission_id) VALUES (75,2,24);
INSERT INTO `auth_group_permissions` (id,group_id,permission_id) VALUES (76,2,25);
INSERT INTO `auth_group_permissions` (id,group_id,permission_id) VALUES (77,2,26);
INSERT INTO `auth_group_permissions` (id,group_id,permission_id) VALUES (78,2,27);
INSERT INTO `auth_group_permissions` (id,group_id,permission_id) VALUES (79,2,28);
INSERT INTO `auth_group_permissions` (id,group_id,permission_id) VALUES (80,2,29);
INSERT INTO `auth_group_permissions` (id,group_id,permission_id) VALUES (81,2,30);
INSERT INTO `auth_group_permissions` (id,group_id,permission_id) VALUES (82,2,31);
INSERT INTO `auth_group_permissions` (id,group_id,permission_id) VALUES (83,2,32);
INSERT INTO `auth_group_permissions` (id,group_id,permission_id) VALUES (84,2,33);
INSERT INTO `auth_group_permissions` (id,group_id,permission_id) VALUES (85,2,34);
INSERT INTO `auth_group_permissions` (id,group_id,permission_id) VALUES (86,2,35);
INSERT INTO `auth_group_permissions` (id,group_id,permission_id) VALUES (87,2,36);
INSERT INTO `auth_group_permissions` (id,group_id,permission_id) VALUES (88,2,37);
INSERT INTO `auth_group_permissions` (id,group_id,permission_id) VALUES (89,2,38);
INSERT INTO `auth_group_permissions` (id,group_id,permission_id) VALUES (90,2,39);
INSERT INTO `auth_group_permissions` (id,group_id,permission_id) VALUES (91,2,40);
INSERT INTO `auth_group_permissions` (id,group_id,permission_id) VALUES (92,2,41);
INSERT INTO `auth_group_permissions` (id,group_id,permission_id) VALUES (93,2,42);
INSERT INTO `auth_group_permissions` (id,group_id,permission_id) VALUES (94,2,43);
INSERT INTO `auth_group_permissions` (id,group_id,permission_id) VALUES (95,2,44);
INSERT INTO `auth_group_permissions` (id,group_id,permission_id) VALUES (96,2,45);
INSERT INTO `auth_group_permissions` (id,group_id,permission_id) VALUES (97,2,46);
INSERT INTO `auth_group_permissions` (id,group_id,permission_id) VALUES (98,2,47);
INSERT INTO `auth_group_permissions` (id,group_id,permission_id) VALUES (99,2,48);
INSERT INTO `auth_group_permissions` (id,group_id,permission_id) VALUES (100,2,49);
INSERT INTO `auth_group_permissions` (id,group_id,permission_id) VALUES (101,2,50);
INSERT INTO `auth_group_permissions` (id,group_id,permission_id) VALUES (102,2,51);
CREATE TABLE "auth_group" ("id" integer NOT NULL PRIMARY KEY AUTOINCREMENT, "name" varchar(80) NOT NULL UNIQUE);
INSERT INTO `auth_group` (id,name) VALUES (1,'superusers');
INSERT INTO `auth_group` (id,name) VALUES (2,'makelaars');
INSERT INTO `auth_group` (id,name) VALUES (3,'gebruikers');
CREATE UNIQUE INDEX "webapp_user_user_permissions_user_id_ae444c59_uniq" ON "webapp_user_user_permissions" ("user_id", "permission_id");
CREATE INDEX "webapp_user_user_permissions_e8701ad4" ON "webapp_user_user_permissions" ("user_id");
CREATE INDEX "webapp_user_user_permissions_8373b171" ON "webapp_user_user_permissions" ("permission_id");
CREATE UNIQUE INDEX "webapp_user_groups_user_id_bfe43b37_uniq" ON "webapp_user_groups" ("user_id", "group_id");
CREATE INDEX "webapp_user_groups_e8701ad4" ON "webapp_user_groups" ("user_id");
CREATE INDEX "webapp_user_groups_0e939a4f" ON "webapp_user_groups" ("group_id");
CREATE INDEX "webapp_user_212e6580" ON "webapp_user" ("postcode_id");
CREATE INDEX "webapp_tagpand_d0ae7d2d" ON "webapp_tagpand" ("pand_id");
CREATE INDEX "webapp_tagpand_76f094bc" ON "webapp_tagpand" ("tag_id");
CREATE INDEX "webapp_pand_e8701ad4" ON "webapp_pand" ("user_id");
CREATE INDEX "webapp_pand_dd1d0bc0" ON "webapp_pand" ("postcodeID_id");
CREATE INDEX "webapp_pand_22c75cfe" ON "webapp_pand" ("handelstatus_id");
CREATE INDEX "webapp_pand_0faad989" ON "webapp_pand" ("voortgang_id");
CREATE INDEX "webapp_log_e8701ad4" ON "webapp_log" ("user_id");
CREATE INDEX "webapp_foto_d0ae7d2d" ON "webapp_foto" ("pand_id");
CREATE INDEX "webapp_document_e8701ad4" ON "webapp_document" ("user_id");
CREATE INDEX "django_session_de54fa62" ON "django_session" ("expire_date");
CREATE UNIQUE INDEX "django_content_type_app_label_76bd3d3b_uniq" ON "django_content_type" ("app_label", "model");
CREATE INDEX "django_admin_log_e8701ad4" ON "django_admin_log" ("user_id");
CREATE INDEX "django_admin_log_417f1b1c" ON "django_admin_log" ("content_type_id");
CREATE UNIQUE INDEX "auth_permission_content_type_id_01ab375a_uniq" ON "auth_permission" ("content_type_id", "codename");
CREATE INDEX "auth_permission_417f1b1c" ON "auth_permission" ("content_type_id");
CREATE UNIQUE INDEX "auth_group_permissions_group_id_0cd325b0_uniq" ON "auth_group_permissions" ("group_id", "permission_id");
CREATE INDEX "auth_group_permissions_8373b171" ON "auth_group_permissions" ("permission_id");
CREATE INDEX "auth_group_permissions_0e939a4f" ON "auth_group_permissions" ("group_id");
COMMIT;
